<?xml version="1.0"?>
<!DOCTYPE hibernate-mapping PUBLIC
        "-//Hibernate/Hibernate Mapping DTD 3.0//EN"
        "http://hibernate.sourceforge.net/hibernate-mapping-3.0.dtd">

<hibernate-mapping>
	<class name="jk.o1office.ht.domin.Advertise" table="advertise">
		<id name="id">
			<generator class="native"/>
		</id>
		<property name="type"/>
		<property name="isshow"/>
		<property name="adimg"/>
		<property name="title"/>
		<property name="createtime" type="timestamp"/>
    </class>
	
</hibernate-mapping>