<?xml version="1.0"?>
<!DOCTYPE hibernate-mapping PUBLIC
        "-//Hibernate/Hibernate Mapping DTD 3.0//EN"
        "http://hibernate.sourceforge.net/hibernate-mapping-3.0.dtd">

<hibernate-mapping>
	<class name="jk.o1office.ht.domin.DeliveryUser" table="user_delivery">
		<id name="id">
			<generator class="native"/>
		</id>
		<property name="username" unique="true"/>
		<property name="password"/>
		<property name="nickname"/>
		<property name="shopid" column="shop_id"/>
		<property name="telphone"/>
		<property name="status"/>
		<property name="createtime" column="create_time" type="timestamp"/>
    </class>
	
</hibernate-mapping>