<?xml version="1.0"?>
<!DOCTYPE hibernate-mapping PUBLIC
        "-//Hibernate/Hibernate Mapping DTD 3.0//EN"
        "http://hibernate.sourceforge.net/hibernate-mapping-3.0.dtd">

<hibernate-mapping>
	<class name="jk.o1office.domin.ReceiveBillH" table="dreceivebill_history">
		<id name="id">
			<generator class="native"/>
		</id>
		<property name="createtime" type="timestamp"/>
		<property name="orderid" unique="true"/>
		<property name="deliveryid"/>
		<property name="paytype"/>
    </class>
	
</hibernate-mapping>