<?xml version="1.0"?>
<!DOCTYPE hibernate-mapping PUBLIC
        "-//Hibernate/Hibernate Mapping DTD 3.0//EN"
        "http://hibernate.sourceforge.net/hibernate-mapping-3.0.dtd">

<hibernate-mapping>
	<class name="jk.o1office.ht.domin.Area" table="area">
		<id name="id">
			<generator class="native"/>
		</id>
		<property name="name" column="area_name"/>
		<property name="createtime" type="timestamp"/>
		<property name="description"/>
    	<property name="latitude"/>
    	<property name="longitude"/>
    	<property name="pid" column="parent_id"/>
    </class>
	
</hibernate-mapping>