<?xml version="1.0"?>
<!DOCTYPE hibernate-mapping PUBLIC
        "-//Hibernate/Hibernate Mapping DTD 3.0//EN"
        "http://hibernate.sourceforge.net/hibernate-mapping-3.0.dtd">

<hibernate-mapping>
	<class name="jk.o1office.ht.domin.LoginInfo" table="adminlog">
		<id name="id">
			<generator class="native"/>
		</id>
		<property name="adminName" column="adminname"/>
		<property name="loginTime" column="logintime"/>
		<property name="loginIP" column="loginip"/>
		<property name="logoutTime" column="logouttime"/>
		<!-- <set name="urlsinfo">
			<key column="adminlogid"></key>
			<one-to-many class="jk.o1office.ht.domin.URLInfo"/>
		</set> -->
    </class>
	
</hibernate-mapping>