<?xml version="1.0"?>
<!DOCTYPE hibernate-mapping PUBLIC
        "-//Hibernate/Hibernate Mapping DTD 3.0//EN"
        "http://hibernate.sourceforge.net/hibernate-mapping-3.0.dtd">

<hibernate-mapping>
	<class name="jk.o1office.ht.domin.Order" table="bill">
		<id name="id">
			<generator class="native"/>
		</id>
		<property name="orderid" unique="true"/>
		<property name="goodsnum"/>
		<property name="totalprice" column="total_price"/>
		<property name="userid" column="customer_id"/>
		<property name="billstatus" column="bill_status"/>
		<property name="deliveryid" column="delivery_id"/>
		<property name="createtime" type="timestamp"/>
    </class>
	
</hibernate-mapping>