<?xml version="1.0"?>
<!DOCTYPE hibernate-mapping PUBLIC
        "-//Hibernate/Hibernate Mapping DTD 3.0//EN"
        "http://hibernate.sourceforge.net/hibernate-mapping-3.0.dtd">

<hibernate-mapping>
	<class name="jk.o1office.ht.domin.ProductCategory" table="product_category" dynamic-update="true">
		<id name="id">
			<generator class="native"/>
		</id>
		<property name="categoryimg" column="category_img"/>
		<property name="categoryname" column="category_name" unique="true"/>
		<property name="descript"/>
		<!-- property name="level"/-->
		<property name="pid" column="parent_id"/>
    </class>
	
</hibernate-mapping>