<?xml version="1.0"?>
<!DOCTYPE hibernate-mapping PUBLIC
        "-//Hibernate/Hibernate Mapping DTD 3.0//EN"
        "http://hibernate.sourceforge.net/hibernate-mapping-3.0.dtd">

<hibernate-mapping>
	<class name="jk.o1office.domin.Activity" table="activity">
		<id name="id">
			<generator class="native"/>
		</id>
		<property name="title"/>
		<property name="content"/>
		<property name="startTime"/>
		<property name="endTime"/>
		<property name="gift"/>
		<property name="num"/>
    </class>
	
</hibernate-mapping>