<?xml version="1.0"?>
<!DOCTYPE hibernate-mapping PUBLIC
        "-//Hibernate/Hibernate Mapping DTD 3.0//EN"
        "http://hibernate.sourceforge.net/hibernate-mapping-3.0.dtd">

<hibernate-mapping>
	<class name="jk.o1office.domin.CustomerUser" table="user_customer">
		<id name="id">
			<generator class="native"></generator>
		</id>
		<property name="username"/>
		<property name="password"/>
		<property name="salt"/>
		<property name="nickname"/>
		<property name="status"/>
		<property name="email"/>
		<property name="qq"/>
		<property name="avartar"/>
		<property name="address"/>
		<property name="sex"/>	
		<property name="createtime" type="timestamp"/>	
    </class>
	
</hibernate-mapping>