<?xml version="1.0"?>
<!DOCTYPE hibernate-mapping PUBLIC
        "-//Hibernate/Hibernate Mapping DTD 3.0//EN"
        "http://hibernate.sourceforge.net/hibernate-mapping-3.0.dtd">

<hibernate-mapping>
	<class name="jk.o1office.domin.ReceiveBillItemH" table="dreceviebill_items_history">
		<id name="id">
			<generator class="native"/>
		</id>
		<property name="orderid" unique="false"/>
		<property name="productid"/>
		<property name="productnum"/>
    </class>
	
</hibernate-mapping>